id,participant_id,state,domain,role,content,created_at,updated_at,deleted_at
1,14,issue,relationship,assistant,"Please tell me about an issue in your life that is currently bothering you in the domain of your  <strong>interpersonal relationships </strong>. This could be an issue related to conflicts with friends or family,  romantic relationship challenges, loneliness, maintaining or ending relationships,  trust issues, feeling misunderstood, social anxiety, or any other interpersonal challenges.
",2025-01-03 21:40:28.615547,2025-01-03 21:40:28.615561,
2,18,issue,relationship,assistant,"Please tell me about an issue in your life that is currently bothering you in the domain of your  <strong>interpersonal relationships </strong>. This could be an issue related to conflicts with friends or family,  romantic relationship challenges, loneliness, maintaining or ending relationships,  trust issues, feeling misunderstood, social anxiety, or any other interpersonal challenges.
",2025-01-03 21:48:02.553789,2025-01-03 21:48:02.553802,
3,19,issue,relationship,assistant,"Please tell me about an issue in your life that is currently bothering you in the domain of your  <strong>interpersonal relationships </strong>. This could be an issue related to conflicts with friends or family,  romantic relationship challenges, loneliness, maintaining or ending relationships,  trust issues, feeling misunderstood, social anxiety, or any other interpersonal challenges.
",2025-01-03 21:49:58.739869,2025-01-03 21:49:58.739883,
4,20,issue,career,assistant,"Please tell me about an issue in your life that is currently bothering you in the domain of your <strong>career</strong>.  This could be an issue related to job searching, career advancement opportunities,  work-life balance, workplace environment and culture, job satisfaction,  salary and benefits, remote work challenges, job security,  or any other other career-related issues.
",2025-01-03 21:51:00.911534,2025-01-03 21:51:00.911548,
5,20,issue,career,user,had to refactor my code because,2025-01-03 21:51:00.911534,2025-01-03 21:51:00.911548,
6,20,issue,career,assistant,It sounds like you're dealing with a technical challenge in your career. Could you provide more details about how this issue has been impacting your emotions or your experience at work? ,2025-01-03 21:51:00.911534,2025-01-03 21:51:00.911548,
7,20,issue,career,user,takes time i don't have,2025-01-03 21:51:00.911534,2025-01-03 21:51:00.911548,
8,20,issue,career,assistant,"Thank you for sharing that. To better understand the context, is there any broader information we should know about, such as any specific circumstances related to your workload, perhaps any people involved, or any relevant history that might be impacting your current situation?",2025-01-03 21:51:00.911534,2025-01-03 21:51:00.911548,
9,20,issue,career,user,not really,2025-01-03 21:51:00.911534,2025-01-03 21:51:00.911548,
10,20,issue,career,assistant,"Thank you for clarifying. How has this issue affected other areas of your life, beyond your immediate work tasks? Has it impacted your personal life, health, or other commitments?",2025-01-03 21:51:00.911534,2025-01-03 21:51:00.911548,
11,20,issue,career,user,i'm hungry,2025-01-03 21:51:00.911534,2025-01-03 21:51:00.911548,
12,20,issue,career,assistant,Let's focus back on how the issue of the time-consuming task of refactoring your code might be affecting your life. Has this challenge impacted any areas outside of work that you'd be willing to share?,2025-01-03 21:51:00.911534,2025-01-03 21:51:00.911548,
13,20,issue,career,user,it makes me hungry,2025-01-03 21:51:00.911534,2025-01-03 21:51:00.911548,
14,20,issue,career,assistant,"Got it, so the stress or time involved seems to be affecting you physically, such as feeling hungry. In an ideal world, how would this situation be different for you? What changes would you make to improve this aspect of your career?",2025-01-03 21:51:00.911534,2025-01-03 21:51:00.911548,
15,20,issue,career,user,i would be done,2025-01-03 21:51:00.911534,2025-01-03 21:51:00.911548,
16,20,issue,career,assistant,"Thank you for that insight. It seems that ideally, completing this task quickly would alleviate some of your concerns. Could you list the emotions you're feeling about the situation as it currently stands? You may feel multiple emotions, and they don't all have to be negative.",2025-01-03 21:51:00.911534,2025-01-03 21:51:00.911548,
17,20,issue,career,user,none,2025-01-03 21:51:00.911534,2025-01-03 21:51:00.911548,
18,20,issue,relationship,assistant,"Thank you for sharing your experience.  Now, we will do a similar exercise with regard to a different area of your life.
Please tell me about an issue in your life that is currently bothering you in the domain of your  <strong>interpersonal relationships </strong>. This could be an issue related to conflicts with friends or family,  romantic relationship challenges, loneliness, maintaining or ending relationships,  trust issues, feeling misunderstood, social anxiety, or any other interpersonal challenges.
",2025-01-03 21:51:00.911534,2025-01-03 21:51:00.911548,
19,20,issue,relationship,user,my friend moved,2025-01-03 21:51:00.911534,2025-01-03 21:51:00.911548,
20,20,issue,relationship,assistant,"I'm sorry to hear that your friend moved. To better understand your situation, could you provide some additional context? For example, is there anything about yourself, your friend, or the circumstances around their move that might help us get a clearer picture of what you're experiencing?",2025-01-03 21:51:00.911534,2025-01-03 21:51:00.911548,
21,20,issue,relationship,user,they moved so far,2025-01-03 21:51:00.911534,2025-01-03 21:51:00.911548,
22,20,issue,relationship,assistant,"Thank you for sharing that. I understand that your friend moving far away could be difficult for you. How has this situation affected other areas of your life beyond just the direct relationship with your friend? For example, has it impacted your social life, daily routine, or emotional well-being in any other ways?",2025-01-03 21:51:00.911534,2025-01-03 21:51:00.911548,
23,20,issue,relationship,user,i'm sad,2025-01-03 21:51:00.911534,2025-01-03 21:51:00.911548,
24,20,issue,relationship,assistant,"I understand you're feeling sad about your friend's move. In an ideal world, how would you like the situation to be different? What would make you feel better about this change in your relationship?",2025-01-03 21:51:00.911534,2025-01-03 21:51:00.911548,
25,20,issue,relationship,user,they move back,2025-01-03 21:51:00.911534,2025-01-03 21:51:00.911548,
26,20,issue,relationship,assistant,"That makes sense. It's understandable to wish for your friend to be closer. You've mentioned feeling sad about the situation. Aside from sadness, are there any other emotions you're experiencing? It's okay to have a mix of different feelings.",2025-01-03 21:51:00.911534,2025-01-03 21:51:00.911548,
27,20,issue,relationship,user,no,2025-01-03 21:51:00.911534,2025-01-03 21:51:00.911548,
28,20,issue,relationship,assistant,"Thank you for clarifying. Let's focus on the sadness you're feeling. Could you explain a bit more about why you're feeling sad about your friend's move, beyond what you've already shared? I understand the distance is a factor, but if you can think more deeply about it, what specifically about them moving makes you feel this way? If there's nothing more to add, that's perfectly okay as well.",2025-01-03 21:51:00.911534,2025-01-03 21:51:00.911548,
29,20,issue,relationship,user,i miss them,2025-01-03 21:51:00.911534,2025-01-03 21:51:00.911548,
30,21,issue,career,assistant,"Please tell me about an issue in your life that is currently bothering you in the domain of your <strong>career</strong>.  This could be an issue related to job searching, career advancement opportunities,  work-life balance, workplace environment and culture, job satisfaction,  salary and benefits, remote work challenges, job security,  or any other other career-related issues.
",2025-01-03 21:54:37.820830,2025-01-03 21:54:37.820844,
31,22,issue,relationship,assistant,"Please tell me about an issue in your life that is currently bothering you in the domain of your  <strong>interpersonal relationships </strong>. This could be an issue related to conflicts with friends or family,  romantic relationship challenges, loneliness, maintaining or ending relationships,  trust issues, feeling misunderstood, social anxiety, or any other interpersonal challenges.
",2025-01-03 21:59:57.877115,2025-01-03 21:59:57.877129,
32,22,issue,relationship,user,i got dumped,2025-01-03 21:59:57.877115,2025-01-03 21:59:57.877129,
33,22,issue,relationship,assistant,"I'm sorry to hear that. Breakups can be really tough. Can you share any broader context about the situation or about yourself that might be relevant, such as any history or circumstances related to the breakup?",2025-01-03 21:59:57.877115,2025-01-03 21:59:57.877129,
34,22,issue,relationship,user,she told me i'm too short,2025-01-03 21:59:57.877115,2025-01-03 21:59:57.877129,
35,22,issue,relationship,assistant,"Thank you for sharing that. Could you explain how this issue has affected other areas of your life besides the breakup itself? For instance, has it impacted your self-esteem, your social life, or perhaps your outlook on future relationships?",2025-01-03 21:59:57.877115,2025-01-03 21:59:57.877129,
36,22,issue,relationship,user,i have low confidence now,2025-01-03 21:59:57.877115,2025-01-03 21:59:57.877129,
37,22,issue,relationship,assistant,"I understand. In an ideal world, how would you have wanted the situation to be different for you?",2025-01-03 21:59:57.877115,2025-01-03 21:59:57.877129,
38,22,issue,relationship,user,i would have dumped her,2025-01-03 21:59:57.877115,2025-01-03 21:59:57.877129,
39,22,issue,relationship,assistant,"Thank you for sharing that perspective. Could you list the emotions you are currently feeling about the situation as it stands? It's okay if you feel more than one emotion, and they don't all have to be negative.",2025-01-03 21:59:57.877115,2025-01-03 21:59:57.877129,
40,22,issue,relationship,user,sad,2025-01-03 21:59:57.877115,2025-01-03 21:59:57.877129,
41,22,issue,relationship,assistant,"Thank you for sharing that you're feeling sad. I understand that being told you're too short and experiencing a breakup can be difficult. Could you try to elaborate a bit more on why you're feeling sad specifically? If there's anything more you'd like to add or any specific reasons that contribute to this sadness, please let me know. If there's nothing more, that's perfectly fine too.",2025-01-03 21:59:57.877115,2025-01-03 21:59:57.877129,
42,22,issue,relationship,user,because i'm so short,2025-01-03 21:59:57.877115,2025-01-03 21:59:57.877129,
43,22,issue,relationship,assistant,"It sounds like this situation has highlighted concerns or feelings about your height, contributing to your sadness. If there’s anything else you’d like to express or elaborate further on this topic, feel free to let me know. If you’re feeling more emotions, you can share those as well, and we can explore them if you’d like. ",2025-01-03 21:59:57.877115,2025-01-03 21:59:57.877129,
44,22,issue,relationship,user,no,2025-01-03 21:59:57.877115,2025-01-03 21:59:57.877129,
45,22,issue,career,assistant,"Thank you for sharing your experience.  Now, we will do a similar exercise with regard to a different area of your life.
Please tell me about an issue in your life that is currently bothering you in the domain of your <strong>career</strong>.  This could be an issue related to job searching, career advancement opportunities,  work-life balance, workplace environment and culture, job satisfaction,  salary and benefits, remote work challenges, job security,  or any other other career-related issues.
",2025-01-03 21:59:57.877115,2025-01-03 21:59:57.877129,
46,22,issue,career,user,i got fired,2025-01-03 21:59:57.877115,2025-01-03 21:59:57.877129,
47,22,issue,career,assistant,"I'm sorry to hear that you're going through this. To better understand your situation, is there any broader context that we should be aware of regarding your job loss? This can include more about yourself, any relevant people or events involved, circumstances leading up to this, or any relevant past situations.",2025-01-03 21:59:57.877115,2025-01-03 21:59:57.877129,
48,22,issue,career,user,for being too short,2025-01-03 21:59:57.877115,2025-01-03 21:59:57.877129,
49,22,issue,career,assistant,"Thank you for sharing that context. It sounds like a very challenging situation. Moving forward, could you tell me how getting fired has affected other areas of your life, besides your career itself? This could include your personal life, relationships, finances, or any other aspect you feel is relevant.",2025-01-03 21:59:57.877115,2025-01-03 21:59:57.877129,
50,22,issue,career,user,low confidence,2025-01-03 21:59:57.877115,2025-01-03 21:59:57.877129,
51,22,issue,career,assistant,"I understand that losing your job has impacted your confidence. Reflecting on the situation, how would things be different for you in an ideal world? What would your career look like, and how would that impact other areas of your life?",2025-01-03 21:59:57.877115,2025-01-03 21:59:57.877129,
52,22,issue,career,user,i would be tall,2025-01-03 21:59:57.877115,2025-01-03 21:59:57.877129,
53,22,issue,career,assistant,"Thank you for expressing that. It sounds like height is an important factor in how you perceive your ideal situation. Returning to the current situation, could you please list the emotions you feel about being fired for your height? You might be feeling a range of emotions, and not all of them need to be negative.",2025-01-03 21:59:57.877115,2025-01-03 21:59:57.877129,
54,22,issue,career,user,sad,2025-01-03 21:59:57.877115,2025-01-03 21:59:57.877129,
55,22,issue,career,assistant,"Thank you for sharing that you're feeling sad. While you've already touched on some aspects that are contributing to this emotion, such as being fired for your height, I invite you to think more deeply about why this specific emotion of sadness is present. If you're comfortable, could you elaborate on what specifically is making you feel sad in this situation? If there's more to it, I would appreciate any additional details you can provide. If not, that's perfectly okay too.",2025-01-03 21:59:57.877115,2025-01-03 21:59:57.877129,
56,22,issue,career,user,no,2025-01-03 21:59:57.877115,2025-01-03 21:59:57.877129,
57,23,issue,career,assistant,"Please tell me about an issue in your life that is currently bothering you in the domain of your <strong>career</strong>.  This could be an issue related to job searching, career advancement opportunities,  work-life balance, workplace environment and culture, job satisfaction,  salary and benefits, remote work challenges, job security,  or any other other career-related issues.
",2025-01-03 22:10:01.036743,2025-01-03 22:10:01.036757,
58,23,issue,career,user,no job,2025-01-03 22:10:01.036743,2025-01-03 22:10:01.036757,
59,23,issue,career,assistant,"Thank you for sharing that. Could you provide more details about your situation? For instance, how long have you been looking for a job, and are there any specific challenges or obstacles you've encountered in your job search process?",2025-01-03 22:10:01.036743,2025-01-03 22:10:01.036757,
60,24,issue,career,assistant,"Please tell me about an issue in your life that is currently bothering you in the domain of your <strong>career</strong>.  This could be an issue related to job searching, career advancement opportunities,  work-life balance, workplace environment and culture, job satisfaction,  salary and benefits, remote work challenges, job security,  or any other other career-related issues.
",2025-01-03 22:10:01.036743,2025-01-03 22:10:01.036757,
61,24,issue,career,user,no job,2025-01-03 22:10:01.036743,2025-01-03 22:10:01.036757,
62,24,issue,career,assistant,"I'm sorry to hear that you're currently without a job. Could you tell me more about how this situation is affecting different areas of your life? For example, is it impacting your personal relationships, financial stability, or mental and emotional well-being?",2025-01-03 22:10:01.036743,2025-01-03 22:10:01.036757,
63,24,issue,career,user,no,2025-01-03 22:10:01.036743,2025-01-03 22:10:01.036757,
64,24,issue,career,assistant,"Could you please share some context or background related to your situation? For example, how long have you been without a job? Are there any particular circumstances or events that have led to this situation? This information will help me understand your situation better.",2025-01-03 22:10:01.036743,2025-01-03 22:10:01.036757,
65,24,issue,career,user,got fired,2025-01-03 22:10:01.036743,2025-01-03 22:10:01.036757,
66,24,issue,career,assistant,"Thank you for sharing that with me. How has being fired affected other areas of your life besides the obvious impact on your career? For instance, has it influenced your relationships, mental health, or finances?",2025-01-03 22:10:01.036743,2025-01-03 22:10:01.036757,
67,24,issue,career,user,it hasn't,2025-01-03 22:10:01.036743,2025-01-03 22:10:01.036757,
68,24,issue,career,assistant,"In an ideal world, how would your career situation be different than it is right now?",2025-01-03 22:10:01.036743,2025-01-03 22:10:01.036757,
69,24,issue,career,user,have job,2025-01-03 22:10:01.036743,2025-01-03 22:10:01.036757,
70,24,issue,career,assistant,"Thank you for sharing your thoughts. In your current situation of not having a job, what emotions are you experiencing? You can list multiple emotions, and they don't all have to be negative.",2025-01-03 22:10:01.036743,2025-01-03 22:10:01.036757,
71,24,issue,career,user,none,2025-01-03 22:10:01.036743,2025-01-03 22:10:01.036757,
72,24,issue,relationship,assistant,"Thank you for sharing your experience.  Now, we will do a similar exercise with regard to a different area of your life.
Please tell me about an issue in your life that is currently bothering you in the domain of your  <strong>interpersonal relationships </strong>. This could be an issue related to conflicts with friends or family,  romantic relationship challenges, loneliness, maintaining or ending relationships,  trust issues, feeling misunderstood, social anxiety, or any other interpersonal challenges.
",2025-01-03 22:10:01.036743,2025-01-03 22:10:01.036757,
73,24,issue,relationship,user,no wife,2025-01-03 22:10:01.036743,2025-01-03 22:10:01.036757,
74,24,issue,relationship,assistant,"I'm sorry to hear that you're experiencing difficulties related to not having a wife. To better understand your situation, is there any context or background that you think is important for me to know? This could include information about yourself, your relationships, or any relevant history that might help us understand your experience more fully.",2025-01-03 22:10:01.036743,2025-01-03 22:10:01.036757,
75,24,issue,relationship,user,divorse,2025-01-03 22:10:01.036743,2025-01-03 22:10:01.036757,
76,24,issue,relationship,assistant,Thank you for letting me know. It sounds like going through a divorce might be impacting you significantly. Could you share how this situation has affected other areas of your life beyond just the relationship itself?,2025-01-03 22:10:01.036743,2025-01-03 22:10:01.036757,
77,24,issue,relationship,user,no,2025-01-03 22:10:01.036743,2025-01-03 22:10:01.036757,
78,24,issue,relationship,assistant,That's completely fine. Let's explore how the situation might be different for you in an ideal world. How would you envision things being different in your life considering your experiences with divorce?,2025-01-03 22:10:01.036743,2025-01-03 22:10:01.036757,
79,24,issue,relationship,user,have wife,2025-01-03 22:10:01.036743,2025-01-03 22:10:01.036757,
80,24,issue,relationship,assistant,"It sounds like, ideally, you would like to be in a marital relationship again. Thank you for sharing that. Could you tell me about the emotions you're currently feeling regarding your divorce and your desire to have a wife again? You can list multiple emotions if there are several you're experiencing.",2025-01-03 22:10:01.036743,2025-01-03 22:10:01.036757,
81,24,issue,relationship,user,none,2025-01-03 22:10:01.036743,2025-01-03 22:10:01.036757,
